{
    "enemy": {
        "sound": "assets/snd/enemy_die.ogg",
        "image": "assets/img/invaders_enemy_explosion.png",
        "animations": {
            "number_frames": 4,
            "list": [
                {
                    "name": "EXPLODE",
                    "start": 0,
                    "end": 3,
                    "framerate": 10
                }
            ]
        }
    },
    "player": {
        "sound": "assets/snd/player_die.ogg",
        "image": "assets/img/invaders_player_explosion.png",
        "animations": {
            "number_frames": 4,
            "list": [
                {
                    "name": "EXPLODE",
                    "start": 0,
                    "end": 3,
                    "framerate": 10
                }
            ]
        }
    }
}
