{
    "settings": {
        "upward_velocity": 40
    },
    "1up": {
        "value": "1UP",
        "font": "assets/fnt/PressStart2P.ttf",
        "font_size": 8,
        "color": {
            "r": 255,
            "g": 0,
            "b": 0   
        },
        "position": {
            "x": 20,
            "y": 5
        }
    },
    "high_score": {
        "value": "HI-SCORE",
        "font": "assets/fnt/PressStart2P.ttf",
        "font_size": 8,
        "color": {
            "r": 255,
            "g": 0,
            "b": 0   
        },
        "position": {
            "x": 90,
            "y": 5
        }
    },
    "score_value": {
        "value": "00",
        "font": "assets/fnt/PressStart2P.ttf",
        "font_size": 8,
        "color": {
            "r": 255,
            "g": 255,
            "b": 255
        },
        "position": {
            "x": 45,
            "y": 15
        }
    },
    "high_score_value": {
        "value": "5000",
        "font": "assets/fnt/PressStart2P.ttf",
        "font_size": 8,
        "color": {
            "r": 30,
            "g": 144,
            "b": 255
        },
        "position": {
            "x": 115,
            "y": 15
        }
    },
    "level_img": {
        "image": "assets/img/invaders_level_flag.png",
        "position": {
            "x": 200,
            "y": 10
        }
    },
    "level_value": {
        "font": "assets/fnt/PressStart2P.ttf",
        "font_size": 8,
        "color": {
            "r": 255,
            "g": 255,
            "b": 255
        },
        "position": {
            "x": 210,
            "y": 15
        }
    },
    "life_img": {
        "image": "assets/img/invaders_life.png",
        "position": {
            "x": 160,
            "y": 15
        }
    },
    "start": {
        "value": "PRESS Z TO START",
        "font": "assets/fnt/PressStart2P.ttf",
        "font_size": 8,
        "color": {
            "r": 255,
            "g": 0,
            "b": 0   
        },
        "position": {
            "x": 65,
            "y": 150
        },
        "blink_rate": 0.5
    },
    "logo_title_img": {
        "image": "assets/img/invaders_logo_title.png",
        "position": {
            "x": 55,
            "y": 50
        }
    },
    "pause": {
        "value": "PAUSED",
        "font": "assets/fnt/PressStart2P.ttf",
        "font_size": 8,
        "color": {
            "r": 255,
            "g": 0,
            "b": 0   
        },
        "position": {
            "x": 110,
            "y": 150
        },
        "blink_rate": 0.5
    },
    "level_complete": {
        "value": "LEVEL COMPLETE",
        "font": "assets/fnt/PressStart2P.ttf",
        "font_size": 8,
        "color": {
            "r": 255,
            "g": 255,
            "b": 255   
        },
        "position": {
            "x": 70,
            "y": 150
        },
        "lifespan": 3
    },
    "next_level": {
        "value": "GET READY FOR THE NEXT LEVEL",
        "font": "assets/fnt/PressStart2P.ttf",
        "font_size": 8,
        "color": {
            "r": 255,
            "g": 0,
            "b": 0   
        },
        "position": {
            "x": 20,
            "y": 170
        },
        "lifespan": 3
    },
    "game_start": {
        "value": "GAME START",
        "font": "assets/fnt/PressStart2P.ttf",
        "font_size": 8,
        "color": {
            "r": 255,
            "g": 255,
            "b": 255   
        },
        "position": {
            "x": 90,
            "y": 150
        },
        "lifespan": 3
    },
    "game_over": {
        "value": "GAME OVER",
        "font": "assets/fnt/PressStart2P.ttf",
        "font_size": 8,
        "color": {
            "r": 255,
            "g": 255,
            "b": 255   
        },
        "position": {
            "x": 90,
            "y": 150
        },
        "lifespan": 3
    }
}
