{
    "star_colors": [
        {
            "r": 213,
            "g": 0,
            "b": 0
        },
        {
            "r": 118,
            "g": 255,
            "b": 3
        },
        {
            "r": 65,
            "g": 105,
            "b": 225
        }
    ],
    "star_size": {
        "w": 1,
        "h_min": 1,
        "h_max": 2
    },
    "number_of_stars": 25,
    "vertical_speed": {
        "min": 10,
        "max": 30
    },
    "blink_rate": {
        "min": 0.25,
        "max": 0.5
    }
}